user_input,retrieved_contexts,response,faithfulness,answer_relevancy,llm_context_precision_without_reference
토지 소유권 보존등기 신청절차와 필요한 서류가 뭐야?,"['[2.1.4] 소유권보존등기 > 토지소유권보존등기 > 신청절차', '토지소유권보존등기신청서 신청서및첨부서류의순서 신청서 , 취득세 ( 등록면허세 ) 영수필확인서 , 등기신청수수료영수필확인서 , 위임장 , 주민등록표초 ( 등 ) 본 , 토지 ( 임야 ) 대장등본 등의 순으로 준비합니다 ( 출처 : 대한민국 법원 인터넷등기소 - 자료센터 - 등기신청양식 - 토지소유권보존등기신청서 8 면참조 ). ※ 판결에의한소유권보존등기일경우신청서식은위와같이작성한후첨부서면기재란에 “ 판결정본및 확정증명원 ” 을기재하고첨부서류로제출하면됩니다 . 신청서양식 토지 소유권 보존등기 신청서 양식은 < 대한민국 법원 인터넷등기소 - 자료센터 - 등기신청양식 - 토지소유권보존등기신청서 > 를클릭하세요 . 토지소유권보존등기신청서작성예시 아래의 신청서 작성 예시는 대한민국 법원 인터넷등기소 ( www.iros.go.kr) 의 등기신청양식 작성방법을 참조하여작성되었으므로참고용으로만사용하시고 , 정확한작성방법은관할등기소에문의하시기바랍니다 .', '토지소유권보존등기의개념\n토지소유권보존등기의개념\n""\n토지소유권보존등기\n""\n란토지소유자의신청에의해미등기의토지에처음으로행해지는소유권등기를\n말합니다\n(\n출처\n:\n대한민국법원인터넷등기소\n홈페이지\n-\n고객센터\n-\n지원안내\n-\n등기용어해설참조\n).\n토지소유권은정당한이익이있는범위내에서토지의상하\n(\n지면\n,\n공중\n,\n지하\n)\n까지인정됩니다\n(\n「\n민법\n」\n제\n212\n조\n).\n토지소유권보존등기의신청\n토지소유권보존등기의신청인\n미등기토지의\n소유권\n보존등기는\n단독으로\n다음\n중\n어느\n하나에\n해당하는\n자가\n신청할\n수\n있습니다\n(\n「\n부동산등기법\n」\n제\n65\n조\n).\n1.\n토지대장\n,\n임야대장에최초의소유자로등록되어있는자또는그상속인\n,\n그밖의포괄승계인\n2.\n확정판결에의해자기의소유권을증명하는자\n※\n판결은소송이유가보존등기신청인의소유임을확정하는확정판결이면족하고\n,\n반드시확인판결일필요는\n없습니다\n(\n대법원\n1994. 3. 11.\n선고\n, 93\n다\n57704\n판결\n).\n※\n확정판결에준하는화해조서\n,\n제소전화해조서\n,\n인낙조서\n,\n조정조서도포함됩니다\n[\n「\n미등기부동산의소유권\n보존등기신청인에관한업무처리지침\n」\n3.\n가\n.].\n※\n보존등기가\n가능한\n판결은\n다음과\n같습니다\n(\n「\n미등기부동산의\n소유권\n보존등기\n신청인에\n관한\n업무처리지침\n」\n3.\n다\n.).\n√\n해당부동산이보존등기신청인의소유임을이유로소유권보존등기의말소를명한판결\n√\n토지대장상공유인미등기토지에대한공유물분할의판결\n※\n판결의상대방\n√\n보존등기의명의인\n:\n보존등기가마쳐진토지의명의인을상대로말소신청을해판결을얻은경우자기\n명의로새로이보존등기를신청할수있습니다\n(1999. 6. 10.\n제정\n,\n「\n등기선례\n」\n6-178).\n√\n대장상등록명의자가없거나누구인지모르는경우\n:\n국가를상대로소유권확인판결을받아야합니다\n(\n대법원\n1994. 12. 2.\n선고\n, 93\n다\n58738\n판결\n).\n3.\n수용\n(\n收用\n)\n으로인해소유권을취득하였음을증명하는자\n4.\n특별자치도지사\n,\n시장\n,\n군수\n또는\n구청장\n(\n자치구의\n구청장을\n말함\n)\n의\n확인에\n의하여\n자기의\n소유권을', '토지소유권보존등기신청절차 ※ 관할등기소는 < 인터넷등기소홈페이지 , 서비스소개 - 전국등기소찾기 > 에서확인하실수있습니다 . ※ 접수상황은등기소에신청서를제출한후 < 인터넷등기소홈페이지 , 등기열람 / 발급 - 등기신청사건처리현황 > 에 부동산의소재지번을입력하면확인할수있습니다 . 인터넷신청절차 인터넷신청대상자 전자신청은 당사자가 직접 하거나 변호사나 법무사 [ 법무법인 · 법무법인 ( 유한 )· 법무조합 또는 법무사법인 · 법무사법인 ( 유한 ) 을 포함 , 이하 “ 자격자대리인 ” 이라 함 ] 가 당사자를 대리해서 합니다 ( 「 부동산등기규칙 」 제 28 조의 2 제 2 항및제 67 조제 1 항본문 ). 다만 , 법인이아닌사단이나재단은전자신청을할수없으며 , 외국인의경우에는다음중어느하나에 해당하는요건을갖추어야합니다 ( 「 부동산등기규칙 」 제 67 조제 1 항단서 ). 외국인등록 ( 「 출입국관리법 」 제 31 조 ) 국내거소신고 ( 「 재외동포의출입국과법적지위에관한법률 」 제 6 조및제 7 조 ) 인증서 ( 범용 , 용도제한용불문 ) 의발급 시중금융기관 ( 증권및우체국포함 ) 을통해전자서명인증서를발급받아야합니다 ( 「 부동산등기규칙 」 제 67 조제 4 항제 1 호참조 ). 법인의경우에는등기소로부터전자증명서 ( 추가인증을해야함 ) 를발급받아인터넷등기소에서이용등록을 해야전자신청이용이가능합니다 ( 「 부동산등기규칙 」 제 67 조제 4 항제 2 호및 「 상업등기규칙 」 제 46 조제 5 항 참조 ). 사용자등록 전자신청을하기위해서는그등기신청을하는당사자또는등기신청을대리할수있는자격자대리인이 최초의등기신청전에사용자등록을해야합니다 ( 「 부동산등기규칙 」 제 68 조제 1 항 ). 본인또는자격자대리인이직접등기과 ( 소 ) 를 방문해사용자등록신청을해야합니다 ( 전국등기소어느 곳에서나가능 )[ 「 부동산등기규칙 」 제 68 조제 2 항 ]', '가등기에기한소유권이전본등기신청시제출서류 시 · 군 · 구청을통해준비해야하는서류 소유권을증명하는서면 토지대장등본또는임야대장등본 건축물대장등본 신청인의주소를증명하는서면 등기권리자와등기의무자의주민등록등 ( 초 ) 본또는주민등록증사본 ※ 법인등기사항증명서 법인의경우에는주민등록등 ( 초 ) 본대신등기소에서법인등기사항증명서를발급받아제출하면됩니다 . 법인등기사항증명서가없는법인의경우에는부동산등기용등록번호증명서를발급받아제출할수있습니다 . ※ 주민등록번호가없는경우제출하는서류 ㅇ부동산등기용등록번호증명서 부동산등기용등록번호는주민등록번호가없는등기권리자가등기를할수있도록부여하는등록번호를 말합니다 . 주민등록번호가 없는 등기권리자는 다음의 기관에서 부동산등기용등록번호를 부여받을 수 있습니다 ( 「 부동산등기법 」 제 49 조제 1 항 ) √ 국가 · 지방자치단체 · 국제기관및외국정부 : 국토교통부장관이지정 · 고시 √ 주민등록번호가없는재외국민 : 대법원소재지관할등기소의등기관 √ 법인 : 법인의주된사무소 ( 회사 - 본점 , 외국법인 - 국내에최초로설치등기를한영업소나사무소 ) 소재지 관할등기소의등기관 √ 법인 아닌 사단이나 재단 및 국내에 영업소나 사무소의 설치 등기를 하지 않은 외국법인 : 시장 ( 제주특별자치도의 행정시 시장 포함 , 자치구가 아닌 구를 두는 시의 시장 제외 ), 군수 또는 구청장 ( 자치구가아닌구의구청장포함 ) √ 외국인 : 체류지 ( 체류지가 없는 경우 대법원 소재지에 체류지가 있는 것으로 봄 ) 관할 지방출입국 · 외국인관서의장 매도용인감증명서 부동산 매수자란에 매수인의 성명 ( 법인은 법인명 ), 주민등록번호 ( 부동산등기용등록번호 ) 및 주소가 기재되어있는매도인의부동산매도용인감증명서 ( 발행일부터 3 월이내 ) 를첨부합니다 . 부동산거래계약신고필증 ( 실거래가신고필증 ) 또는검인 매매예약에 인한가등기에기한소유권이전청구권 본등기를신청할경우는매매계약에의한소유권 이전등기와같습니다']","토지 소유권 보존등기 신청절차와 필요한 서류는 다음과 같습니다.

### 신청절차
1. **신청서 작성**: 토지소유권보존등기신청서를 작성합니다.
2. **서류 준비**: 아래의 필요한 서류를 준비합니다.
3. **신청서 제출**: 관할 등기소에 신청서를 제출합니다.

### 필요한 서류
1. **신청서**: 토지소유권보존등기신청서
2. **취득세 영수필 확인서**: 취득세 또는 등록면허세를 납부했음을 증명하는 서류
3. **등기신청 수수료 영수필 확인서**: 등기신청 수수료를 납부했음을 증명하는 서류
4. **위임장**: 대리인이 신청하는 경우 필요
5. **주민등록표 초본**: 신청인의 주민등록정보를 확인할 수 있는 서류
6. **토지(임야) 대장 등본**: 해당 토지의 소유권을 확인할 수 있는 서류

추가적으로, 판결에 의한 소유권 보존등기일 경우에는 신청서의 첨부서면 기재란에 ""판결정본 및 확정증명원""을 기재하고 해당 서류를 첨부해야 합니다.

정확한 작성 방법이나 추가적인 문의는 관할 등기소에 문의하시기 바랍니다.",0.85,0.9779264341864561,0.49999999995
근저당권 말소등기를 신청하려면 어떤 서류가 필요한가요?,"['[4.4.4] 근저당권 > 근저당권말소등기 > 신청절차', '[6.2.3] 지상권 > 지상권말소등기 > 신청서작성\n\n지상권말소등기신청서\n신청서및첨부서류\n신청서\n,\n등록면허세영수필확인서\n,\n등기수입증지\n,\n위임장\n,\n해지증서등의순으로준비합니다\n.\n신청서양식\n※\n지상권말소등기신청서양식은\n<\n여기\n>\n를클릭하세요\n.\n지상권말소등기신청서작성예시\n아래의\n신청서\n작성\n예시는\n대한민국\n법원\n인터넷등기소\n(\nwww.iros.go.kr\n)\n의\n등기신청양식\n작성방법을\n참조하여작성되었으므로참고용으로만사용하시고\n,\n정확한작성방법은관할등기소에문의하시기바랍니다\n.\n<\n신청서작성시참조자료\n:\n등기사항증명서예시\n>', '. 이후돈을모두변제해계약이해지되어 근저당권말소등기를하려고하는데등기권리자인저혼자접수를해도되나요 ? A 1) 근저당권 말소등기 신청은 등기권리자와 등기의무자 ( 근저당권자 ) 가 공동으로 등기소에 출석해 근저당권말소등기 신청서를 작성하고 , 일정한 구비서류를 첨부해 신청해야 합니다 . 그러나 대리인으로하여금신청하게할수도있으며 , 이경우그대리인은반드시법무사나변호사이어야 하는것은아닙니다 . 상대방에게 등기신청에관한권한을위임해신청하게할수도있습니다 . 등기소에서는 등기 신청의 접수 자체를 거부할 수는 없으나 , 등기 신청서를 작성하지 않고 구비서류만가지고와서구두로등기를신청하는경우 , 등기신청서의제출을권유할수있고 , 등기 신청인또는그대리인이출석하지않은경우에는본인 ( 또는대리인 ) 이직접출석해서신청하도록 권유할수있습니다 . <1993. 9. 8. 제정 , 「 등기선례 」 4-489> Q 2) 근저당권말소등기를하려고했더니등기부등본과근저당권자의주소가다른것을발견했습니다 . 변경등기없이근저당권말소등기를해도되나요 ? A 2) 근저당권등소유권외의권리에관한등기의말소를신청하는경우그등기명의인의표시에변경 또는경정의사유가있는경우라도신청서에그변경또는경정을증명하는서면을첨부함으로써 등기명의인의표시변경또는경정의등기를생략할수있습니다 . < 「 근저당권말소등기와근저당권자표시변경등기요부 」 >', '가등기에기한소유권이전본등기신청시제출서류 시 · 군 · 구청을통해준비해야하는서류 소유권을증명하는서면 토지대장등본또는임야대장등본 건축물대장등본 신청인의주소를증명하는서면 등기권리자와등기의무자의주민등록등 ( 초 ) 본또는주민등록증사본 ※ 법인등기사항증명서 법인의경우에는주민등록등 ( 초 ) 본대신등기소에서법인등기사항증명서를발급받아제출하면됩니다 . 법인등기사항증명서가없는법인의경우에는부동산등기용등록번호증명서를발급받아제출할수있습니다 . ※ 주민등록번호가없는경우제출하는서류 ㅇ부동산등기용등록번호증명서 부동산등기용등록번호는주민등록번호가없는등기권리자가등기를할수있도록부여하는등록번호를 말합니다 . 주민등록번호가 없는 등기권리자는 다음의 기관에서 부동산등기용등록번호를 부여받을 수 있습니다 ( 「 부동산등기법 」 제 49 조제 1 항 ) √ 국가 · 지방자치단체 · 국제기관및외국정부 : 국토교통부장관이지정 · 고시 √ 주민등록번호가없는재외국민 : 대법원소재지관할등기소의등기관 √ 법인 : 법인의주된사무소 ( 회사 - 본점 , 외국법인 - 국내에최초로설치등기를한영업소나사무소 ) 소재지 관할등기소의등기관 √ 법인 아닌 사단이나 재단 및 국내에 영업소나 사무소의 설치 등기를 하지 않은 외국법인 : 시장 ( 제주특별자치도의 행정시 시장 포함 , 자치구가 아닌 구를 두는 시의 시장 제외 ), 군수 또는 구청장 ( 자치구가아닌구의구청장포함 ) √ 외국인 : 체류지 ( 체류지가 없는 경우 대법원 소재지에 체류지가 있는 것으로 봄 ) 관할 지방출입국 · 외국인관서의장 매도용인감증명서 부동산 매수자란에 매수인의 성명 ( 법인은 법인명 ), 주민등록번호 ( 부동산등기용등록번호 ) 및 주소가 기재되어있는매도인의부동산매도용인감증명서 ( 발행일부터 3 월이내 ) 를첨부합니다 . 부동산거래계약신고필증 ( 실거래가신고필증 ) 또는검인 매매예약에 인한가등기에기한소유권이전청구권 본등기를신청할경우는매매계약에의한소유권 이전등기와같습니다', '[9.3.2] 가등기 > 소유권이전청구권가등기의말소등기 > 제출서류']","근저당권 말소등기를 신청하기 위해서는 다음과 같은 서류가 필요합니다:

1. **근저당권 말소등기 신청서**: 신청서 양식은 관할 등기소에서 확인하거나 인터넷 등기소에서 다운로드할 수 있습니다.
2. **등록면허세 영수필 확인서**: 해당 세금이 납부되었음을 증명하는 서류입니다.
3. **등기수입증지**: 등기 신청 시 필요한 수수료를 납부한 증명서입니다.
4. **위임장**: 대리인을 통해 신청할 경우, 대리인의 권한을 증명하는 서류입니다.
5. **해지증서**: 근저당권이 해지되었음을 증명하는 서류입니다.

이 외에도 추가적인 서류가 필요할 수 있으므로, 정확한 사항은 관할 등기소에 문의하는 것이 좋습니다.",0.6,0.9898324897972787,0.49999999995
부동산 매매로 인한 소유권 이전등기 절차를 설명해줘,"['[3.1.5] 소유권이전등기 > 매매에의한소유권이전등기 > 신청절차', '매매에의한소유권이전등기의개념\n매매에의한소유권이전등기의개념\n""\n매매에\n의한\n소유권\n이전등기\n""\n란\n매매라는\n법률행위로\n소유권이\n이전된\n경우\n이를\n공시하기\n위해\n신청하는등기를말합니다\n(\n출처\n:\n등기용어해설\n,\n대법원인터넷등기소\n).\n매수인의\n소유권\n이전등기청구권은\n10\n년간\n행사하지\n않으면\n소멸시효가\n완성됩니다\n(\n「\n민법\n」\n제\n162\n조제\n1\n항\n).\n매매의개념\n""\n매매\n""\n는\n매도인이\n재산권을\n상대방에게\n이전할\n것을\n약정하고\n매수인이\n그\n대금을\n지급할\n것을\n약정함으로성립하는계약을말합니다\n(\n「\n민법\n」\n제\n563\n조\n).\n매매의효력\n매도인은매수인에게매매의목적이된권리를이전하고\n,\n매수인은매도인에게그대금을지급해야매매의\n효력이\n발생합니다\n.\n다만\n,\n이는\n특별한\n약정이나\n관습이\n없으면\n동시에\n이행되어야\n합니다\n(\n「\n민법\n」\n제\n568\n조\n).\n부동산을인도받아점유하고있는경우소유권이전등기청구권이소멸시효에걸리는지여부\nQ.\n저는\n서울시로부터\n토지를\n매수한\n후\n이전등기를\n하지\n않은\n채로\n토지를\n점유하다가\n13\n년\n후\n서울시를\n상대로매매계약에\n기한소유권이전등기를\n청구했습니다\n.\n그러자서울시는등기청구권이\n계약\n후\n10\n년이\n경과해\n소멸시효가\n완성되어\n소유권\n이전등기를\n해\n줄\n이유가없다고주장하고\n있습니다\n.\n서울시의주장은정당한가요\n?\nA.\n1)\n시효제도의존재이유에비추어보아부동산매수인이목적물을인도받아이를사용수익하고있는\n경우에는그매수인을권리위에잠자는것으로볼수없습니다\n.\n2)\n매도인명의로등기가남아있는상태와매수인이인도받아이를사용수익하고있는상태를비교하면\n매도인명의로잔존하고있는등기를보호하기보다는매수인의사용수익상태를더욱보호해야할\n것입니다\n.\n3)\n따라서\n,\n매수인의등기청구권은다른채권과는달리소멸시효에걸리지않는다고보아서울시는소유권\n이전등기를해주어야합니다\n.\n<\n대법원\n1976. 11. 6\n선고\n, 76\n다\n148\n판결\n>\n매매에의한소유권이전등기의신청인\n부동산매매에의한소유권이전등기의신청인\n등기의무자\n:\n매도인\n등기권리자\n:\n매수인\n등기신청방법\n신청인\n또는\n그\n대리인이\n등기소에\n출석해', '매매에의한소유권이전등기의신청시제출서류 시 · 군 · 구청을통해준비해야하는서류 소유권을증명하는서면 토지대장등본또는임야대장등본 건축물대장등본 신청인의주소를증명하는서면 주민등록등 ( 초 ) 본 √ 매매에의한소유권이전등기는등기권리자와등기의무자공동으로신청해야하는등기이므로매수인과매도인 모두의주민등록등 ( 초 ) 본이있어야합니다 . ※ 법인등기사항증명서 법인의경우에는주민등록등 ( 초 ) 본대신등기소에서법인등기사항증명서를발급받아제출하면됩니다 . 법인등기사항증명서가없는법인의경우에는부동산등기용등록번호증명서를발급받아제출할수있습니다 . ※ 주민등록번호가없는경우제출서류 ㅇ부동산등기용등록번호증명서 부동산등기용등록번호는주민등록번호가없는등기권리자가등기를할수있도록부여하는등록번호를 말합니다 . 주민등록번호가 없는 등기권리자는 다음의 기관에서 부동산등기용등록번호를 부여받을 수 있습니다 ( 「 부동산등기법 」 제 49 조제 1 항 ). √ 국가 · 지방자치단체 · 국제기관및외국정부 : 국토교통부장관이지정 · 고시 √ 주민등록번호가없는재외국민 : 대법원소재지관할등기소의등기관 √ 법인 : 법인의주된사무소 ( 회사 - 본점 , 외국법인 - 국내에최초로설치등기를한영업소나사무소 ) 소재지 관할등기소의등기관 √ 법인 아닌 사단이나 재단 및 국내에 영업소나 사무소의 설치 등기를 하지 않은 외국법인 : 시장 ( 제주특별자치도의 행정시 시장 포함 , 자치구가 아닌 구를 두는 시의 시장 제외 ), 군수 또는 구청장 ( 자치구가아닌구의구청장포함 ) √ 외국인 : 체류지 ( 체류지가 없는 경우 대법원 소재지에 체류지가 있는 것으로 봄 ) 관할 지방출입국 · 외국인관서의장 부동산거래계약신고필증 ( 실거래가신고필증 ) 또는검인 매매에의한소유권이전등기를신청할경우계약서에검인신청인을표시해부동산의소재지를관할하는 시장 · 군수 · 구청장 또는 그 권한의 위임을 받은 자의 검인을 받아 관할등기소에 이를 제출해야 합니다 ( 「 부동산등기특별조치법 」 제 3 조제 1 항 )', '. 임의경매변경등기 임의경매등기와 실체관계 사이의 불일치가 등기 후에 발생한 경우 이를 변경하는 등기를 말합니다 ( 등기용어해설 , 대법원인터넷등기소 ). ※ 경매의 개념 및 절차 , 경락에 의한 소유권 이전등기 신청등에관한자세한내용은이 사이트의 『 부동산경매 』 에서확인할수있습니다 . 경매관련등기에관한질의응답 Q 1)A 가 B 의 부동산에가압류를해 두었는데얼마후제 3 자가같은부동산에처분금지가처분등기를 했음을 알게 되었습니다 . A 가 경매신청을 하여 경락을 받으면 제 3 자가 설정한 처분금지 가처분등기는어떻게되나요 ? A 1) 가압류등기가경료된부동산에제 3 자가처분금지가처분등기를하고그후에가압류권리자의신청에 의한 강제경매개시결정 및 그 기입등기와 그에따른경락이이루어졌다면 , 위 가처분권리자는 경락인에게 대항할 수 없을 것이므로 , 경매법원의 촉탁에 의해 그 처분금지 가처분등기는 말소됩니다 . <1998. 12. 26. 제정 , 「 등기선례 」 2-606> Q 2) 동생과 토지를 합유 ( 合有 ) 의 형태로 공동소유하고 있는데 동생의 채권자가 동생 지분에 대해 강제집행을한다고합니다 . 가능한일인가요 ? A 2)A, B 명의로등기된부동산중 A 지분에대해 A 의채권자 C 에의한강제집행신청은그합유 관계가존속하는한 B 의동의여부에불구하고이는허용되지않습니다 . <1999. 3. 15. 제정 , 「 등기선례 」 6-497> Q 3) 강제경매가이루어지고있는부동산에입찰을하려고합니다 . 강제경매개시결정등기전에소유권 이전가등기가설정되어있는데경락을받으면이가등기는말소되는건가요 ? 말소시키려면어떻게 해야하나요 ? A 3) 소유권 이전가등기가 「 가등기담보 등에 관한 법률 」 상의 담보가등기인 경우에는 경매에 의해 소멸하므로강제경매절차에서경락허가결정이확정된후대금이완납되면경매법원이말소촉탁을 합니다 ( 「 가등기담보등에관한법률 」 제 15 조및제 16 조제 2 항 ). 그러나소유권이전가등기가 소유권이전을 위한 것인 경우에는 말소촉탁을 할 수 없습니다', '. 그부동산에대해다시제 3 자와소유권이전을내용으로하는계약 제 3 자에게계약당사자의지위를이전하는계약을체결하고자할경우 부동산의소유권이전계약을체결한자가소유권이전등기의신청기간전에그부동산을다시제 3 자에게 이전하는계약을체결한경우다음중어느하나에정해진날부터 60 일내에먼저체결된계약에따라소유권 이전등기를신청해야합니다 ( 「 부동산등기특별조치법 」 제 2 조제 3 항 ). 계약당사자가서로대가적인채무를부담하는경우먼저체결된계약의반대급부이행이완료된날 계약당사자의일방만이채무를부담하는경우그계약의효력이발생한날']","부동산 매매로 인한 소유권 이전등기 절차는 다음과 같습니다:

1. **매매계약 체결**: 매도인과 매수인이 부동산 매매 계약을 체결합니다. 이 계약은 매도인이 재산권을 매수인에게 이전할 것을 약정하고, 매수인이 그 대금을 지급할 것을 약정함으로써 성립합니다(「민법」 제 563조).

2. **소유권 이전등기 신청**: 매수인은 소유권 이전등기를 신청해야 합니다. 이 등기는 매매라는 법률행위로 소유권이 이전된 경우 이를 공시하기 위해 신청하는 등기입니다(출처: 대법원 인터넷 등기소).

3. **신청인 및 제출서류**: 소유권 이전등기는 매도인(등기의무자)과 매수인(등기권리자) 공동으로 신청해야 하며, 신청인은 등기소에 출석해야 합니다. 제출해야 할 서류는 다음과 같습니다:
   - 소유권을 증명하는 서면 (토지대장등본 또는 임야대장등본, 건축물대장등본)
   - 신청인의 주소를 증명하는 서면 (주민등록등본 등)
   - 부동산 거래계약 신고필증 또는 검인

4. **검인 신청**: 매매에 의한 소유권 이전등기를 신청할 경우, 계약서에 검인 신청인을 표시하고, 부동산의 소재지를 관할하는 시장, 군수, 구청장 또는 그 권한의 위임을 받은 자의 검인을 받아야 합니다(「부동산등기특별조치법」 제 3조 제 1항).

5. **등기 신청**: 모든 서류를 준비한 후, 등기소에 신청서를 제출하여 소유권 이전등기를 완료합니다.

이 과정을 통해 매수인은 부동산의 소유권을 공식적으로 이전받게 됩니다.",0.9565217391304348,0.8926757488417683,0.8333333332916666
전세권 설정등기와 임차권 등기의 차이점은 무엇인가요?,"['전세권변경등기의개념 전세권변경등기의개념 "" 전세권변경등기 "" 란전세계약의존속기간이나전세금등을변경하는등기를말합니다 ( 대법원인터넷등기소 , 자료센터 - 등기신청양식 - 전세권변경등기신청 ). 전세권변경등기의원인 전세권변경등기는다음과같은사유가발생하면해야합니다 . 존속기간의연장또는단축 ( 등기신청안내 , 대법원인터넷등기소 ) 전세금의증감 ( 등기신청안내 , 대법원인터넷등기소 ) 전세권범위의변경 (1999. 8. 24 제정 , 「 등기선례 」 6-315) 전세권변경등기의신청인 전세권설정등기시등기권리자와등기의무자는다음과같습니다 . 등기의무자 : 등기부상불이익을받는자 등기권리자 : 등기부상이익을받는자 등기신청방법 신청인 또는 그 대리인이 등기소에 출석해 신청정보 및 첨부정보를 적은 서면을 제출하는 방법 ( 「 부동산등기법 」 제 24 조제 1 항제 1 호본문 ) 다만 , 대리인이 변호사 ( 법무법인 · 법무법인 ( 유한 ) 및 법무조합 포함 ) 나 법무사 ( 법무사법인 및 법무사법인 ( 유한 ) 포함 ) 인경우에는 「 부동산등기규칙 」 제 58 조제 1 항에따른사무원을등기소에출석하게해 서면을제출할수있습니다 [ 「 부동산등기법 」 제 24 조제 1 항제 1 호단서 ]. 전산정보처리조직을이용 [ 이동통신단말장치에서사용되는애플리케이션 (Application) 을통하여이용하는 경우를포함 ] 하여신청정보및첨부정보를보내는방법 ( 「 부동산등기법 」 제 24 조제 1 항제 2 호 ) 전세권이전등기와의구분 전세권이전등기의개념 전세권등기상의 권리 일부 또는 전부를 제 3 자에게 이전하는 등기를 말합니다 ( 등기용어해설 , 대법원인터넷등기소 ). 전세권이전등기의원인 전세금이상향조정되었다면전세금변경계약에의한전세권변경등기를해야하고 , 현재의전세권자가제 3 자와 공동으로 전세권을 공유하려면 제 3 자에게 전세권의 일부를 양도하는 전세권 일부 이전등기를 해야 합니다 (2001. 8. 23. 제정 , 「 등기선례 」 6-320)', '[5.1.1] 전세권 > 전세권과임차권의구분 > 전세권과임차권의구분', '. 전세권설정자가 전세금의 반환을 지체한 경우 전세권자는 전세권의 목적물의 경매를 청구할 수 있습니다 ( 「 민법 」 제 318 조 ). 임차권의성질 임차권의대항력 임차인은당사자간에반대약정이없으면임대인에대해임대차등기절차에협력할것을청구할수 있습니다 ( 「 민법 」 제 621 조제 1 항 ). 부동산임대차를등기한경우그때부터제삼자에대해효력이생깁니다 ( 「 민법 」 제 621 조제 2 항 ). 임대차는 그 등기를 하지 않아도 임차인이 주택의 인도와 주민등록을 마친 경우 그 다음 날부터 제삼자에 대해 효력이 생깁니다 . 이 경우 전입신고를 한 때에 주민등록이 된 것으로 봅니다 ( 「 주택임대차보호법 」 제 3 조제 1 항 ). 상가건물임대차는그등기를하지않아도임차인이건물의인도와사업자등록을신청하면그다음날부터 제삼자에대해효력이생깁니다 ( 「 상가건물임대차보호법 」 제 3 조제 1 항 ). 건물의소유를목적으로한토지임대차는이를등기하지않아도임차인이그지상건물을등기한경우 제삼자에게임대차의효력이생긴다 ( 「 민법 」 제 622 조제 1 항 ). ※ 임차권등기명령제도 "" 임차권등기명령제도 "" 란 임대차가 종료되었음에도 보증금을 돌려받지 못하고 이사를 가게 되면 우선변제권을 상실하게되어보증금을돌려받지못하는임차인에게 대항력및 우선변제권을유지하면서 임차주택에서자유롭게이사할수있도록하기위해시행된제도입니다 . 임차권등기명령제도에대한자세한사항은 < 여기 > 를클릭하세요 .', '[5.3.2] 전세권 > 전세권변경등기 > 제출서류', '근저당권설정등기의신청시제출서류\n시\n·\n군\n·\n구청을통해준비해야하는서류\n신청인의주소등을증명하는서면\n등기권리자의주민등록등\n(\n초\n)\n본또는주민등록증사본및등기의무자의인감증명서\nㅇ법인등기사항증명서\n법인의경우에는주민등록등\n(\n초\n)\n본대신등기소에서법인등기사항증명서를발급받아제출하면됩니다\n.\n법인등기사항증명서가\n없는\n법인의\n경우에는\n부동산등기용등록번호증명서를\n발급받아\n제출할\n수\n있습니다\n.\nㅇ주민등록번호가없는경우제출하는서류\n부동산등기용등록번호증명서\n부동산등기용등록번호는주민등록번호가없는등기권리자가등기를할수있도록부여하는등록번호를\n말합니다\n.\n주민등록번호가\n없는\n등기권리자는\n다음의\n기관에서\n부동산등기용등록번호를\n부여받을\n수\n있습니다\n(\n「\n부동산등기법\n」\n제\n49\n조제\n1\n항\n)\n√\n국가\n·\n지방자치단체\n·\n국제기관및외국정부\n:\n국토교통부장관이지정\n·\n고시\n√\n주민등록번호가없는재외국민\n:\n대법원소재지관할등기소의등기관\n√\n법인\n:\n법인의주된사무소\n(\n회사\n-\n본점\n,\n외국법인\n-\n국내에최초로설치등기를한영업소나사무소\n)\n소재지\n관할등기소의등기관\n√\n법인\n아닌\n사단이나\n재단\n및\n국내에\n영업소나\n사무소의\n설치\n등기를\n하지\n않은\n외국법인\n:\n시장\n(\n제주특별자치도의\n행정시\n시장\n포함\n,\n자치구가\n아닌\n구를\n두는\n시의\n시장\n제외\n),\n군수\n또는\n구청장\n(\n자치구가아닌구의구청장포함\n)\n√\n외국인\n:\n체류지\n(\n체류지가\n없는\n경우\n대법원\n소재지에\n체류지가\n있는\n것으로\n봄\n)\n관할\n지방출입국\n·\n외국인관서의장\n등록면허세납부고지서\n(\n지방교육세포함\n)\n""\n등록면허세\n""\n란재산권과그밖의권리의설정\n·\n변경또는소멸에관한사항을공부에등기하거나등록할\n때납부하는세금을말합니다\n(\n「\n지방세법\n」\n제\n23\n조제\n1\n호\n).\n√\n근저당권의설정등기시등록면허세\n:\n채권최고액\n× 2/1,000(\n「\n지방세법\n」\n제\n28\n조제\n1\n항제\n1\n호다목\n)\n등록면허세납세지\n√\n같은\n채권의\n담보를\n위해\n둘\n이상의\n근저당권을\n등록하는\n경우\n이를\n하나의\n등록으로\n보아그\n등록에\n관계되는재산을처음등록하는등록관청에등록면허세를납부합니다']","전세권 설정등기와 임차권 등기의 차이점은 다음과 같습니다.

1. **전세권 설정등기**: 전세권 설정등기는 전세권이 설정되는 것을 의미합니다. 즉, 전세권자가 특정 부동산에 대해 전세권을 가지게 되는 법적 절차입니다. 전세권자는 전세금을 지급하고 해당 부동산을 점유할 수 있는 권리를 가지게 됩니다.

2. **임차권 등기**: 임차권 등기는 임대차 계약에 따라 임차인이 임대인에게 임대차의 효력을 주장하기 위해 등기하는 절차입니다. 임차권 등기를 통해 임차인은 제3자에 대해 임대차 계약의 존재를 주장할 수 있는 대항력을 가지게 됩니다. 

법률적 근거로는, 임차인은 당사자 간에 반대 약정이 없으면 임대인에 대해 임대차 등기 절차에 협력할 것을 청구할 수 있으며(「민법」 제 621 조 제 1 항), 부동산 임대차를 등기한 경우 그때부터 제3자에 대해 효력이 생깁니다(「민법」 제 621 조 제 2 항)라는 점이 있습니다.

결론적으로, 전세권 설정등기는 전세권의 설정을 위한 것이고, 임차권 등기는 임대차 계약의 효력을 주장하기 위한 것입니다.",0.8571428571428571,1.0,0.5833333333041666
상속으로 인한 부동산 등기 신청 시 필요한 서류는 무엇인가요?,"['가등기에기한소유권이전본등기신청시제출서류 시 · 군 · 구청을통해준비해야하는서류 소유권을증명하는서면 토지대장등본또는임야대장등본 건축물대장등본 신청인의주소를증명하는서면 등기권리자와등기의무자의주민등록등 ( 초 ) 본또는주민등록증사본 ※ 법인등기사항증명서 법인의경우에는주민등록등 ( 초 ) 본대신등기소에서법인등기사항증명서를발급받아제출하면됩니다 . 법인등기사항증명서가없는법인의경우에는부동산등기용등록번호증명서를발급받아제출할수있습니다 . ※ 주민등록번호가없는경우제출하는서류 ㅇ부동산등기용등록번호증명서 부동산등기용등록번호는주민등록번호가없는등기권리자가등기를할수있도록부여하는등록번호를 말합니다 . 주민등록번호가 없는 등기권리자는 다음의 기관에서 부동산등기용등록번호를 부여받을 수 있습니다 ( 「 부동산등기법 」 제 49 조제 1 항 ) √ 국가 · 지방자치단체 · 국제기관및외국정부 : 국토교통부장관이지정 · 고시 √ 주민등록번호가없는재외국민 : 대법원소재지관할등기소의등기관 √ 법인 : 법인의주된사무소 ( 회사 - 본점 , 외국법인 - 국내에최초로설치등기를한영업소나사무소 ) 소재지 관할등기소의등기관 √ 법인 아닌 사단이나 재단 및 국내에 영업소나 사무소의 설치 등기를 하지 않은 외국법인 : 시장 ( 제주특별자치도의 행정시 시장 포함 , 자치구가 아닌 구를 두는 시의 시장 제외 ), 군수 또는 구청장 ( 자치구가아닌구의구청장포함 ) √ 외국인 : 체류지 ( 체류지가 없는 경우 대법원 소재지에 체류지가 있는 것으로 봄 ) 관할 지방출입국 · 외국인관서의장 매도용인감증명서 부동산 매수자란에 매수인의 성명 ( 법인은 법인명 ), 주민등록번호 ( 부동산등기용등록번호 ) 및 주소가 기재되어있는매도인의부동산매도용인감증명서 ( 발행일부터 3 월이내 ) 를첨부합니다 . 부동산거래계약신고필증 ( 실거래가신고필증 ) 또는검인 매매예약에 인한가등기에기한소유권이전청구권 본등기를신청할경우는매매계약에의한소유권 이전등기와같습니다', '. 매매관련서류 매매계약서 등기원인을 증명하는 서류로 매매계약서를 제출합니다 ( 「 부동산등기법 」 제 34 조제 6 호 및 제 40 조제 1 항제 5 호 ). √ 거래금액이 1,000 만원을 초과하는 계약서에는 수입인지를 붙여야 하나 , 1 억원 이하인 주택일경우에는 면제됩니다 . ※ 판결에따른첨부서류 [ 「 판결등집행권원에의한등기의신청에관한업무처리지침 」 5. 가 .] √ 판결에 따른 등기 신청의 경우에는 판결정본과 그 판결이 확정되었음을증명하는확정증명서를첨부해야 합니다 . √ 조정에갈음하는결정정본또는화해권고결정정본을첨부하는경우에도확정증명원을첨부합니다 . √ 조정조서 , 화해조서 또는 인낙조서를 등기원인증서로 제출하는 경우에는 확정증명원을 첨부하지 않아도 됩니다 . 매매목록 ( 해당자에한정함 ) 거래부동산이 2 개이상인경우또는거래부동산이 1 개라하더라도여러명의매도인과여러명의매수인 사이의매매계약인경우매매목록을작성해등기소에제공해야합니다 ( 「 부동산등기규칙 」 제 124 조제 2 항 ). 위임장 ( 해당자에한정함 ) 매매에 의한 소유권 이전등기는 등기의무자와 등기권리자가 공동으로 신청할 사항이지만 대부분은 매수인이매도인으로부터위임장을받아혼자서등기소를방문하므로 , 이럴경우인감도장을날인한위임장을 받아야합니다 . ※ 위임장양식은 < 여기 > 를클릭하세요 . 등기필정보또는등기필정보통지서 매도인인등기의무자가등기권리자로서소유권에관한등기를한후등기소로부터받아서가지고있던 등기필정보를등기소에제공해야합니다 ( 「 부동산등기법 」 제 50 조제 2 항 ). 등기필정보의제공방법 √ 방문신청의경우 : 등기필정보를적은서면 ( 등기필정보통지서 ) 를교부하는방법 . 다만 , 신청인이등기신청서와 함께 등기필정보통지서 송부용 우편봉투를 제출한 경우에는 등기필정보통지서를 우편으로 송부합니다 ( 「 부동산등기규칙 」 제 107 조제 1 항제 1 호 ). √ 전자신청의경우 : 전산정보처리조직을이용하여송신하는방법 ( 「 부동산등기규칙 」 제 107 조제 1 항제 2 호 )', '상속에의한소유권이전등기신청서 신청서및첨부서류 신청서 , 취득세영수필확인서 , 등기 수입증지 , 제적등본 , 가족관계증명서 , 기본증명서 , 친양자입양관계증명서 ( 입양된경우에한함 ), 주민등록표등 ( 초 ) 본 , 토지 · 건축물대장등본등의순으로준비합니다 . ※ 협의분할에의한상속을원인으로한소유권이전등기신청서에는상속재산분할협의서또는심판서정본과 상속인전원의인감증명서를첨부하면됩니다 . 신청서양식 ※ 상속에의한소유권이전등기신청서양식은 < 여기 > 를클릭하세요 . ※ 상속에의한소유권이전등기신청서 ( 구분건물 ) 양식은 < 여기 > 를클릭하세요 . ※ 협의분할에의한상속을원인으로한소유권이전등기신청서양식은 < 여기 > 를클릭하세요 . ※ 협의분할에의한상속을원인으로한소유권이전등기신청서 ( 구분건물 ) 양식은 < 여기 > 를클릭하세요 . 상속에의한소유권이전등기신청서작성예시 아래의 신청서 작성 예시는 대한민국 법원 인터넷등기소 ( www.iros.go.kr ) 의 등기신청양식 작성방법을 참조하여작성되었으므로참고용으로만사용하시고 , 정확한작성방법은관할등기소에문의하시기바랍니다 . < 신청서작성시참조자료 : 등기사항증명서예시 >', '[3.3.2] 소유권이전등기 > 상속에의한소유권이전등기 > 제출서류', '상속에의한소유권이전등기신청절차 ※ 관할등기소는 < 대법원인터넷등기소 - 등기소소개 - 등기소찾기 > 에서확인하실수있습니다 . ※ 제출후접수상황확인 등기소에 신청서를 제출한 후 < 대법원인터넷등기소 - 등기열람 / 발급 - 등기신청사건 처리현황 > 에 부동산의 소재지번을입력하면접수상황을확인하실수있습니다 . 인터넷신청절차 인터넷신청대상자 전자신청은 당사자가 직접 하거나 변호사나 법무사 [ 법무법인 · 법무법인 ( 유한 )· 법무조합 또는 법무사법인 · 법무사법인 ( 유한 ) 을 포함 , 이하 “ 자격자대리인 ” 이라 함 ] 가 당사자를 대리해서 합니다 ( 「 부동산등기규칙 」 제 28 조의 2 제 2 항및제 67 조제 1 항본문 ). 다만 , 법인이아닌사단이나재단은전자신청을할수없으며 , 외국인의경우에는다음중어느하나에 해당하는요건을갖추어야합니다 ( 「 부동산등기규칙 」 제 67 조제 1 항단서 ). 외국인등록 ( 「 출입국관리법 」 제 31 조 ) 국내거소신고 ( 「 재외동포의출입국과법적지위에관한법률 」 제 6 조및제 7 조 ) 인증서 ( 범용 , 용도제한용불문 ) 의발급 시중금융기관 ( 증권및우체국포함 ) 을통해전자서명인증서를발급받아야합니다 ( 「 부동산등기규칙 」 제 67 조제 4 항제 1 호참조 ). 법인의경우에는등기소로부터전자증명서 ( 추가인증을해야함 ) 를발급받아인터넷등기소에서이용등록을 해야전자신청이용이가능합니다 ( 「 부동산등기규칙 」 제 67 조제 4 항제 2 호및 「 상업등기규칙 」 제 46 조제 5 항 참조 ). 사용자등록 전자신청을하기위해서는그등기신청을하는당사자또는등기신청을대리할수있는자격자대리인이 최초의등기신청전에사용자등록을해야합니다 ( 「 부동산등기규칙 」 제 68 조제 1 항 ). 본인또는자격자대리인이직접등기과 ( 소 ) 를 방문해사용자등록신청을해야합니다 ( 전국등기소어느 곳에서나가능 )[ 「 부동산등기규칙 」 제 68 조제 2 항 ]']","상속으로 인한 부동산 등기 신청 시 필요한 서류는 다음과 같습니다:

1. 신청서
2. 취득세 영수필 확인서
3. 등기 수입증지
4. 제적등본
5. 가족관계증명서
6. 기본증명서
7. 친양자 입양관계증명서 (입양된 경우에 한함)
8. 주민등록표 등본
9. 토지·건축물 대장 등본

또한, 협의분할에 의한 상속을 원인으로 하는 소유권 이전 등기 신청서에는 상속재산 분할 협의서 또는 심판서 정본과 상속인 전원의 인감증명서를 첨부해야 합니다. 

이와 관련된 법적 근거는 「부동산등기법」 제 34 조 및 제 40 조에 명시되어 있습니다.",0.8666666666666667,1.0000000000000002,0.4166666666458333
